dataset,index,prompt_preview,prompt_length,has_tools,protocol,provider,model,timestamp
routellm_gpt4,0,"Write c++ code, which calculates and outputs n digits of pi.",60,False,standard_llm,deepseek,deepseek-chat,2025-07-06T22:41:53.185617
routellm_gpt4,1,"[Partner Cooperation Team] Share webinar schedule for Cafe24 employees
hello. This is a partnership team.
To have time to share information about 'partner service/market' necessary for customer consul...",957,False,minion,huggingface,Qwen/Qwen2.5-14B-Instruct,2025-07-06T22:41:54.307607
routellm_gpt4,2,Write a short rhyming poem explaining Einstein's theory of general relativity in easy but accurate terms,104,False,standard_llm,openai,gpt-4o,2025-07-06T22:41:54.775848
routellm_gpt4,3,"Replace the words ""desktop, articles, allows, user"" in following sentence, don't change other words: As a user, SpinnerChief API allows you to use SpinnerChief to spin articles inside other compatible...",268,False,minion,huggingface,Qwen/Qwen2.5-14B-Instruct,2025-07-06T22:41:55.365140
routellm_gpt4,4,What is the goal of creating quantum computers?,47,False,minion,huggingface,Qwen/Qwen2.5-14B-Instruct,2025-07-06T22:41:56.023726
routellm_gpt4,5,"I am trying to name a consumer product that sorts collectible cards.  I would like to explore names that have all knight / tower / squire / guard-related naming.  Some that we have thought of are ""Car...",396,False,minion,huggingface,Qwen/Qwen2.5-14B-Instruct,2025-07-06T22:41:57.089295
routellm_gpt4,6,append new row to datframe,26,False,minion,huggingface,meta-llama/Llama-3.1-8B-Instruct,2025-07-06T22:41:57.745533
routellm_gpt4,7,What's the word used to describe the thing instructors use to evaluate students' answers?,89,False,minion,huggingface,Qwen/Qwen2.5-14B-Instruct,2025-07-06T22:41:58.341990
routellm_gpt4,8,"In this task, you will be presented with a context from an academic paper and a question based on the context. You have to classify the questions into ""Extractive"", ""Abstractive"", or ""Yes-no"" question...",1416,False,minion,huggingface,Qwen/Qwen2.5-14B-Instruct,2025-07-06T22:42:00.623032
routellm_gpt4,9,How many batches are normal when training a deep learning method?,65,False,minion,huggingface,Qwen/Qwen2.5-14B-Instruct,2025-07-06T22:42:01.257775
routellm_gpt4,10,I need some vegan recipe ideas. I'm having some friends over and two have expressed they are now vegan.,103,False,minion,huggingface,Qwen/Qwen2.5-14B-Instruct,2025-07-06T22:42:01.944698
routellm_gpt4,11,How can you help your dog with arthritis?,41,False,minion,huggingface,Qwen/Qwen2.5-14B-Instruct,2025-07-06T22:42:02.683514
routellm_gpt4,12,is it okay to install spark plugs without making sure they are callibrated?,75,False,minion,huggingface,Qwen/Qwen2.5-14B-Instruct,2025-07-06T22:42:03.360200
routellm_gpt4,13,"Given a sentence in Spanish, provide an equivalent paraphrased version from the original that retains the same meaning.

El término `` esferocitosis no hereditaria se usa raramente, aunque ocasionalme...",204,False,minion,huggingface,Qwen/Qwen2.5-14B-Instruct,2025-07-06T22:42:03.912267
routellm_gpt4,14,"Part 1. Definition
You are given a math word problem and you are supposed to only use multiplication or division operators on the numbers embedded in the text to answer the following question and then...",566,False,minion,huggingface,Qwen/Qwen2.5-14B-Instruct,2025-07-06T22:42:05.184867
routellm_gpt4,15,Which deserts can warships cross?,33,False,minion,huggingface,Qwen/Qwen2.5-14B-Instruct,2025-07-06T22:42:05.625236
routellm_gpt4,16,Can you help me make my own ideology for a government?,54,False,minion,huggingface,Qwen/Qwen2.5-14B-Instruct,2025-07-06T22:42:06.254585
routellm_gpt4,17,how are educational quality improvement and education research different?,73,False,minion,huggingface,Qwen/Qwen2.5-14B-Instruct,2025-07-06T22:42:06.692319
routellm_gpt4,18,"Violet is planning a hike through the desert with her dog. Violet needs 800 ml of water per hour hiked and her dog needs 400 ml of water per hour. If Violet can carry 4.8 L of water, how many hours ca...",278,False,standard_llm,openai,gpt-4o,2025-07-06T22:42:07.449836
routellm_gpt4,19,What are the principles of regulatory sequence organization in the genome?,74,False,minion,huggingface,Qwen/Qwen2.5-14B-Instruct,2025-07-06T22:42:07.998236
routellm_gpt4,20,"tell me the temperature in celsius, hydrometry rate in percentage, sunshine rate in hours, rainfall in mm, humidity rate in percentage, soil type, type of climate for Dark Willowherb seed in bullets 2...",223,False,standard_llm,openai,gpt-4o,2025-07-06T22:42:08.542729
routellm_gpt4,21,"Please create a great reply for the following tweet:

""One of Twitter's most promising ways to add $10B+ in revenue over the next several years is to help companies hire + help people find new jobs. 
...",334,False,minion,huggingface,Qwen/Qwen2.5-14B-Instruct,2025-07-06T22:42:09.196385
routellm_gpt4,22,"Definition: In this task, you're given a short story of five sentences written in natural language. However, the order of the given story is not correct. Your job is to return the correct order for th...",726,False,minion,huggingface,Qwen/Qwen2.5-14B-Instruct,2025-07-06T22:42:10.118105
routellm_gpt4,23,What kind of protein is best for building muscle?,49,False,minion,huggingface,Qwen/Qwen2.5-14B-Instruct,2025-07-06T22:42:10.547751
routellm_gpt4,24,"Data format:
You must have [ HTML page ] data type and [ HTML page ] code type in the following Rewrite prompt
Rewrite prompt:
How can you create a web page that displays an image with a caption under...",825,False,standard_llm,deepseek,deepseek-chat,2025-07-06T22:42:11.757708
routellm_gpt4,25,"I want you to act as a car diognostic. I will describe an issue with my car and you will provide advice on how to fix it. My first request is ""my car start up only after sometime in the morning, and w...",261,False,standard_llm,openai,gpt-4o,2025-07-06T22:42:12.388396
routellm_gpt4,26,"how to add an embedding chatbot to a streamlit app
import streamlit as st
import streamlit as caching
import st.components as pyvis
import pandas as pd
import numpy as np

st. title(""Your business ins...",638,False,minion,huggingface,Qwen/Qwen2.5-14B-Instruct,2025-07-06T22:42:13.603831
routellm_gpt4,27,"In this task, you are given the name of an Indian food dish. You need to classify the dish as a ""main course"", ""dessert"" or ""snack"".
One example: Sev tameta
Solution is here: main course
Explanation: ...",274,False,minion,huggingface,Qwen/Qwen2.5-14B-Instruct,2025-07-06T22:42:14.258592
routellm_gpt4,28,We would like you to assess the QUALITY of each of the following argument (discussing Gun Control) and determine if the argument is Valid or Invalid. A valid argument is clearly interpretable and eith...,913,False,minion,huggingface,Qwen/Qwen2.5-14B-Instruct,2025-07-06T22:42:15.351865
routellm_gpt4,29,"""Generate Python code to convert Source to Target:
    Source:
      [‘18:25:57 PM’, ‘20:25:57 PM’, ‘10:57:12 AM’]  
    Target:
      [‘18 PM’, ‘20 PM’, ‘10 AM’]""",163,False,minion,huggingface,codellama/CodeLlama-13b-Instruct-hf,2025-07-06T22:42:15.956553
routellm_gpt4,30,"provide script to plot and the lines based on sampleLevel: m3 <- lmer(log(vd) ~ log(distanceCoreTop) + sampleLevel + (1|fullSpeciesName/treeTag), data = data_branch, #sensible model #160623 #4
       ...",228,False,minion,huggingface,codellama/CodeLlama-13b-Instruct-hf,2025-07-06T22:42:16.593782
routellm_gpt4,31,Can my elderly aunt use an exercise ball?,41,False,minion,huggingface,Qwen/Qwen2.5-14B-Instruct,2025-07-06T22:42:17.025450
routellm_gpt4,32,Write an article about the Safety of 5-BROMO-2-FLUORONICOTINIC ACID 1500-2000 words in chemical industry,104,False,standard_llm,openai,gpt-4o,2025-07-06T22:42:17.511085
routellm_gpt4,33,"In this task, you are given a text from a post. Your task is to find all of the proper nouns and label them. The labels are <B-PER>, <I-PER> for persons; <B-ORG>, <I-ORG> for organizations; <B-LOC>, <...",850,False,minion,huggingface,Qwen/Qwen2.5-14B-Instruct,2025-07-06T22:42:18.823810
routellm_gpt4,34,Should I buy a printer or go to a local print shop?,51,False,minion,huggingface,Qwen/Qwen2.5-14B-Instruct,2025-07-06T22:42:19.270568
routellm_gpt4,35,"Write a redux observable epic in typescript that listens for an action with type START, then makes an API call `API.call` with the action payload as a parameter. The API call should be retried after 3...",403,False,standard_llm,deepseek,deepseek-chat,2025-07-06T22:42:19.987871
routellm_gpt4,36,Does a steady injection of allergen through the skin help reduce allergic reactions?,84,False,minion,huggingface,Qwen/Qwen2.5-14B-Instruct,2025-07-06T22:42:20.543892
routellm_gpt4,37,How do I use epoxy?,19,False,minion,huggingface,Qwen/Qwen2.5-14B-Instruct,2025-07-06T22:42:20.964507
routellm_gpt4,38,How many planets are there in the solar system?,47,False,minion,huggingface,Qwen/Qwen2.5-14B-Instruct,2025-07-06T22:42:21.429995
routellm_gpt4,39,Detailed Instructions: In this task you will be given a string and you should find the longest substring that is a palindrome. A palindrome is a string that is the same backwards as it is forwards. If...,314,False,minion,huggingface,Qwen/Qwen2.5-14B-Instruct,2025-07-06T22:42:22.099749
routellm_gpt4,40,What's the recycling process for paper?,39,False,minion,huggingface,Qwen/Qwen2.5-14B-Instruct,2025-07-06T22:42:22.558642
routellm_gpt4,41,"What would be the ★-rating of this review (★ being the lowest and ★★★★★ being the highest)? ""Good apps to download""
A:",118,False,minion,huggingface,Qwen/Qwen2.5-14B-Instruct,2025-07-06T22:42:23.075810
routellm_gpt4,42,Can you suggest any remote hiking trails in the Rocky Mountains?,64,False,minion,huggingface,Qwen/Qwen2.5-14B-Instruct,2025-07-06T22:42:23.533452
routellm_gpt4,43,What is the acceptance rate for medical school in California?,61,False,minion,huggingface,Qwen/Qwen2.5-14B-Instruct,2025-07-06T22:42:23.967964
routellm_gpt4,44,Can you recommend any hidden-gem attractions in Barcelona that tourists may not know about?,91,False,minion,huggingface,Qwen/Qwen2.5-14B-Instruct,2025-07-06T22:42:24.425879
routellm_gpt4,45,Write a one-act play with a comedic tone about a group of coworkers from diverse backgrounds who are trapped in an office building during a snowstorm. Each character should have a distinct personality...,496,False,standard_llm,openai,gpt-4o,2025-07-06T22:42:25.136739
routellm_gpt4,46,Do you know any quote from Stephen Hawking that is about fate?,62,False,minion,huggingface,Qwen/Qwen2.5-14B-Instruct,2025-07-06T22:42:25.581218
routellm_gpt4,47,Write me a python code that takes URL as a parameter and then fetches the entire content of the URL and returns everything as a string,134,False,standard_llm,deepseek,deepseek-chat,2025-07-06T22:42:26.056030
routellm_gpt4,48,Hey - I am trying to come up with a name for a music production DJ group for me and my two friends. Do you have any ideas?,122,False,minion,huggingface,Qwen/Qwen2.5-14B-Instruct,2025-07-06T22:42:26.554571
routellm_gpt4,49,What are the long-term implications of sleep deprivation on both physical and mental health? Can you provide a comprehensive set of HTML data points that illustrate the different ways sleep deprivatio...,362,False,standard_llm,openai,gpt-4o,2025-07-06T22:42:27.156075
routellm_gpt4,50,"Mask-filling: Given a sequence of tables T and a question Q with [MASK], what is the word at [MASK].
Q： [MASK]9 24.94: Statistics for CASIE and CySecED. Negative examples refer to non-trigger words wh...",1211,False,minion,huggingface,Qwen/Qwen2.5-14B-Instruct,2025-07-06T22:42:29.265989
routellm_gpt4,51,"In swiftuim, make a TabView of multiple full screen vertical scrollviews with .tabViewStyle(PageTabViewStyle()) modifier to switch between the scrolls like apges",161,False,minion,huggingface,codellama/CodeLlama-13b-Instruct-hf,2025-07-06T22:42:29.824671
routellm_gpt4,52,"write based on my input, a detailed issue description which has the content to the following headlines: Description, Expected Behaviour, Steps to Reproduce, Actual Result, Expected Result. Issue: el. ...",604,False,minion,huggingface,Qwen/Qwen2.5-14B-Instruct,2025-07-06T22:42:30.706905
routellm_gpt4,53,how can i use ai to make money online,37,False,minion,huggingface,Qwen/Qwen2.5-14B-Instruct,2025-07-06T22:42:31.144313
routellm_gpt4,54,"add to that Vagrantfile some activation for ssh like challengeresponseauthentication no , service ssh restart , activate ip packages routable between network : KUBLR\_IP = ""172.28.128.10""
MASTER\_IP =...",1289,False,minion,huggingface,codellama/CodeLlama-13b-Instruct-hf,2025-07-06T22:42:33.203580
routellm_gpt4,55,how do i get my toddler to stop scratching a mosquito bite,58,False,minion,huggingface,Qwen/Qwen2.5-14B-Instruct,2025-07-06T22:42:33.676555
routellm_gpt4,56,what are the best things to do in Brussels ?,44,False,minion,huggingface,Qwen/Qwen2.5-14B-Instruct,2025-07-06T22:42:34.128653
routellm_gpt4,57,How often should i wash my hair?,32,False,minion,huggingface,Qwen/Qwen2.5-14B-Instruct,2025-07-06T22:42:34.610642
routellm_gpt4,58,is the function in react? if so what would it look like,55,False,minion,huggingface,Qwen/Qwen2.5-14B-Instruct,2025-07-06T22:42:35.042748
routellm_gpt4,59,What are some things that I should know about buying a house?,61,False,minion,huggingface,Qwen/Qwen2.5-14B-Instruct,2025-07-06T22:42:35.506865
routellm_gpt4,60,Please write my friend a poem who is starting a new job today.,62,False,minion,huggingface,Qwen/Qwen2.5-14B-Instruct,2025-07-06T22:42:35.953937
routellm_gpt4,61,How do you enable captions on a YouTube video?,46,False,minion,huggingface,Qwen/Qwen2.5-14B-Instruct,2025-07-06T22:42:36.428246
routellm_gpt4,62,"Solve the puzzle
1-d
2-i
3-t
4-c
5-a
6-s
7-e
8-n
1,5,3,5 - 6,4,2,7,8,4,7 = ?",76,False,minion,huggingface,Qwen/Qwen2.5-14B-Instruct,2025-07-06T22:42:36.989182
routellm_gpt4,63,Are cats deadly allergic to any kinds of foods?,47,False,minion,huggingface,Qwen/Qwen2.5-14B-Instruct,2025-07-06T22:42:37.422236
routellm_gpt4,64,explain access matrix in operating system,41,False,minion,huggingface,Qwen/Qwen2.5-14B-Instruct,2025-07-06T22:42:37.833283
routellm_gpt4,65,"Test for natural language inference.
Premise: ""A large crowd plays in and around a fountain.""
Hypothesis: ""The crowd is a mob.""
Is the hypothesis entailed by the premise?
Options:
- yes
- no
- it is n...",247,False,minion,huggingface,Qwen/Qwen2.5-14B-Instruct,2025-07-06T22:42:38.445526
routellm_gpt4,66,"Given the task definition, example input & output, solve the new input case.
In this task, you are given a tuple, comprising Head and Tail, separated with <sep>. The Head and the Tail events are short...",1110,False,minion,huggingface,Qwen/Qwen2.5-14B-Instruct,2025-07-06T22:42:39.836862
routellm_gpt4,67,"I wanted to show a chart that how our platform works (social finance platform). Basically an organization and agency will subscribe to our platform, and then they distributed the assessments to the ca...",338,False,minion,huggingface,Qwen/Qwen2.5-14B-Instruct,2025-07-06T22:42:40.457404
routellm_gpt4,68,"Detailed Instructions: Given a sentence in Spanish, provide an equivalent paraphrased translation in French that retains the same meaning both through the translation and the paraphrase.
Q: El hijo de...",346,False,minion,huggingface,Qwen/Qwen2.5-14B-Instruct,2025-07-06T22:42:41.128446
routellm_gpt4,69,"Given the task definition, example input & output, solve the new input case.
The task is to read a passage and convert numbers in their text forms into digit forms. The text numbers can be used to rep...",562,False,minion,huggingface,Qwen/Qwen2.5-14B-Instruct,2025-07-06T22:42:41.904467
routellm_gpt4,70,"Detailed Instructions: You will be given three sentences. Read them, then identify a noun phrase (person, place, or thing) or event that is shared between all three sentences. As the output, write the...",905,False,minion,huggingface,Qwen/Qwen2.5-14B-Instruct,2025-07-06T22:42:42.988509
routellm_gpt4,71,"Regulators seized First Republic (FRC) early on Monday and sold the bulk of the bank's operations to NAME_1 Chase (JPM) in the largest bank failure since the 2008 financial crisis.

NAME_1, the nation...",1524,False,minion,huggingface,google/flan-t5-xl,2025-07-06T22:42:44.607438
routellm_gpt4,72,What is the pituitary gland?,28,False,minion,huggingface,Qwen/Qwen2.5-14B-Instruct,2025-07-06T22:42:45.015941
routellm_gpt4,73,"Given the task definition and input, reply with output. Indicate a text span in the passage about which an inquisitive question is asked. (note, don't answer the question).

Sentence: The $ 409 millio...",384,False,minion,huggingface,Qwen/Qwen2.5-14B-Instruct,2025-07-06T22:42:45.689666
routellm_gpt4,74,"Question: What is meant by the phrase CSR?
A: Corporate Social Responsibility
B: Company Social Responsibility
C: Corporate Society Responsibility
D: Company Society Responsibility
Please eliminate tw...",292,False,minion,huggingface,Qwen/Qwen2.5-14B-Instruct,2025-07-06T22:42:46.293534
routellm_gpt4,75,"explain ""The Data Scientist will build predictive and statistical models to improve credit policy and
minimize credit losses. The position leads development and analysis of new Credit Services
strateg...",497,False,minion,huggingface,Qwen/Qwen2.5-14B-Instruct,2025-07-06T22:42:46.988987
routellm_gpt4,76,what is market maker?,21,False,minion,huggingface,Qwen/Qwen2.5-14B-Instruct,2025-07-06T22:42:47.415942
routellm_gpt4,77,I want to learn but I can't make myself do that. Write me a fairly short message on how I can do that just when I wake up.,122,False,minion,huggingface,Qwen/Qwen2.5-14B-Instruct,2025-07-06T22:42:47.920268
routellm_gpt4,78,"From mixed martial artist to bare-knuckle boxer, Paige VanZant can now add “professional wrestler” to her resume.

he former UFC star officially has signed with All Elite Wrestling. VanZant signed her...",532,False,minion,huggingface,google/flan-t5-xl,2025-07-06T22:42:48.717939
routellm_gpt4,79,"You will be given a definition of a task first, then some input of the task.
This task is about translating a given Yoruba language sentence to English.

òǹkà onímẹ́wàámẹ́wàá *gangan*, bíi $0.75$
Outp...",203,False,minion,huggingface,Qwen/Qwen2.5-14B-Instruct,2025-07-06T22:42:49.343854
routellm_gpt4,80,Please pose as a aws support and answe my queries,49,False,minion,huggingface,Qwen/Qwen2.5-14B-Instruct,2025-07-06T22:42:49.791095
routellm_gpt4,81,"Teacher:Decide the language of that sentence. The language can be English, French, German, Italian, or Spanish.
Teacher: Now, understand the problem? Solve this instance: Text: 'Le consulto horarios d...",320,False,minion,huggingface,Qwen/Qwen2.5-14B-Instruct,2025-07-06T22:42:50.503856
routellm_gpt4,82,How can I encourage a stubborn friend to examine things from multiple perspectives?,83,False,minion,huggingface,Qwen/Qwen2.5-14B-Instruct,2025-07-06T22:42:50.967482
routellm_gpt4,83,"Can you provide a detailed guide for constructing an organic vegetable garden using raised beds, including a [HTML page] with a comprehensive list of materials and tools required? Please also include ...",685,False,standard_llm,openai,gpt-4o,2025-07-06T22:42:51.784910
routellm_gpt4,84,Write a science-fiction story set in the year 2077 about a middle-aged scientist who discovers they have the ability to control plants and use this power to save their city from an impending ecologica...,659,False,standard_llm,openai,gpt-4o,2025-07-06T22:42:52.610050
routellm_gpt4,85,How can I know when a Gutenberg block receives focus in the editor?,67,False,minion,huggingface,Qwen/Qwen2.5-14B-Instruct,2025-07-06T22:42:53.065364
routellm_gpt4,86,What are some interesting flavorings i can mix with my beef patties?,68,False,minion,huggingface,Qwen/Qwen2.5-14B-Instruct,2025-07-06T22:42:53.512062
routellm_gpt4,87,"given is the following perl function. Please rewrite the code so that there is the least amount of code duplication. 
sub apiCall {
    my ($endpoint, $data) = @_;

    # Create a new LWP::UserAgent o...",1177,False,minion,huggingface,codellama/CodeLlama-13b-Instruct-hf,2025-07-06T22:42:55.003012
routellm_gpt4,88,"In this task, you will be given a short story. One sentence from the story is chosen. Consider the events that happen after that sentence. Is any of them directly caused by it, or is made possible by ...",594,False,minion,huggingface,Qwen/Qwen2.5-14B-Instruct,2025-07-06T22:42:55.886779
routellm_gpt4,89,Fastest way to learn Go language,32,False,minion,huggingface,Qwen/Qwen2.5-14B-Instruct,2025-07-06T22:42:56.295036
routellm_gpt4,90,"I am taking a business trip to  Rochester, NY next month. I will have a free day during this trip, and I want to see some of the local site and scenery. Can you create an itinerary for that day that i...",228,False,minion,huggingface,Qwen/Qwen2.5-14B-Instruct,2025-07-06T22:42:56.864138
routellm_gpt4,91,How can I get my baby to not squirm in his high chair?,54,False,minion,huggingface,Qwen/Qwen2.5-14B-Instruct,2025-07-06T22:42:57.343288
routellm_gpt4,92,What are the essential requirements for building an organic vegetable garden using raised beds while ensuring optimal soil and compost ratios? Along with a comprehensive list of recommended materials ...,484,False,standard_llm,openai,gpt-4o,2025-07-06T22:42:58.055566
routellm_gpt4,93,Can you recommend any winter sports or activities to do in Madison?,67,False,minion,huggingface,Qwen/Qwen2.5-14B-Instruct,2025-07-06T22:42:58.612698
routellm_gpt4,94,"In this task, you are given the name of an Indian food dish. You need to classify the dish as a ""main course"", ""dessert"" or ""snack"".

Let me give you an example: Sev tameta
The answer to this example ...",320,False,minion,huggingface,Qwen/Qwen2.5-14B-Instruct,2025-07-06T22:42:59.321075
routellm_gpt4,95,How did Emma Watson describe her feeling,40,False,minion,huggingface,Qwen/Qwen2.5-14B-Instruct,2025-07-06T22:42:59.761680
routellm_gpt4,96,Why do hermit crabs live in bins?,33,False,minion,huggingface,Qwen/Qwen2.5-14B-Instruct,2025-07-06T22:43:00.203817
routellm_gpt4,97,"Write a comprehensive guide on how to make homemade baked beans from scratch, detailing step-by-step instructions for cooking and preparing the ingredients, including tips for seasoning and flavor pro...",562,False,standard_llm,openai,gpt-4o,2025-07-06T22:43:00.931788
routellm_gpt4,98,"powershell, how to know if virtualisation is disabled in the bios",65,False,minion,huggingface,Qwen/Qwen2.5-14B-Instruct,2025-07-06T22:43:01.382757
routellm_gpt4,99,Question: Read the passage below and choose the right answer to the following question (choices are America or China ):  Countries with more industry produce more hazardous wastes than those with litt...,1215,False,minion,huggingface,Qwen/Qwen2.5-14B-Instruct,2025-07-06T22:43:02.663339
routellm_gpt4_tools,0,"Write c++ code, which calculates and outputs n digits of pi.",60,True,standard_llm,deepseek,deepseek-chat,2025-07-06T22:43:03.487778
routellm_gpt4_tools,1,"[Partner Cooperation Team] Share webinar schedule for Cafe24 employees
hello. This is a partnership team.
To have time to share information about 'partner service/market' necessary for customer consul...",957,True,standard_llm,openai,gpt-4o,2025-07-06T22:43:04.606132
routellm_gpt4_tools,2,Write a short rhyming poem explaining Einstein's theory of general relativity in easy but accurate terms,104,True,standard_llm,openai,gpt-4o,2025-07-06T22:43:05.070660
routellm_gpt4_tools,3,"Replace the words ""desktop, articles, allows, user"" in following sentence, don't change other words: As a user, SpinnerChief API allows you to use SpinnerChief to spin articles inside other compatible...",268,True,standard_llm,openai,gpt-4o,2025-07-06T22:43:05.657968
routellm_gpt4_tools,4,What is the goal of creating quantum computers?,47,True,standard_llm,openai,gpt-4o,2025-07-06T22:43:06.098370
routellm_gpt4_tools,5,"I am trying to name a consumer product that sorts collectible cards.  I would like to explore names that have all knight / tower / squire / guard-related naming.  Some that we have thought of are ""Car...",396,True,standard_llm,openai,gpt-4o,2025-07-06T22:43:06.832971
routellm_gpt4_tools,6,append new row to datframe,26,True,standard_llm,openai,gpt-4o,2025-07-06T22:43:07.253524
routellm_gpt4_tools,7,What's the word used to describe the thing instructors use to evaluate students' answers?,89,True,standard_llm,openai,gpt-4o,2025-07-06T22:43:07.721224
routellm_gpt4_tools,8,"In this task, you will be presented with a context from an academic paper and a question based on the context. You have to classify the questions into ""Extractive"", ""Abstractive"", or ""Yes-no"" question...",1416,True,standard_llm,openai,gpt-4o,2025-07-06T22:43:09.140970
routellm_gpt4_tools,9,How many batches are normal when training a deep learning method?,65,True,standard_llm,openai,gpt-4o,2025-07-06T22:43:09.629430
routellm_gpt4_tools,10,I need some vegan recipe ideas. I'm having some friends over and two have expressed they are now vegan.,103,True,standard_llm,openai,gpt-4o,2025-07-06T22:43:10.126695
routellm_gpt4_tools,11,How can you help your dog with arthritis?,41,True,standard_llm,openai,gpt-4o,2025-07-06T22:43:10.561882
routellm_gpt4_tools,12,is it okay to install spark plugs without making sure they are callibrated?,75,True,standard_llm,openai,gpt-4o,2025-07-06T22:43:11.012705
routellm_gpt4_tools,13,"Given a sentence in Spanish, provide an equivalent paraphrased version from the original that retains the same meaning.

El término `` esferocitosis no hereditaria se usa raramente, aunque ocasionalme...",204,True,standard_llm,openai,gpt-4o,2025-07-06T22:43:11.571732
routellm_gpt4_tools,14,"Part 1. Definition
You are given a math word problem and you are supposed to only use multiplication or division operators on the numbers embedded in the text to answer the following question and then...",566,True,standard_llm,openai,gpt-4o,2025-07-06T22:43:12.386790
routellm_gpt4_tools,15,Which deserts can warships cross?,33,True,standard_llm,openai,gpt-4o,2025-07-06T22:43:12.795931
routellm_gpt4_tools,16,Can you help me make my own ideology for a government?,54,True,standard_llm,openai,gpt-4o,2025-07-06T22:43:13.240487
routellm_gpt4_tools,17,how are educational quality improvement and education research different?,73,True,standard_llm,openai,gpt-4o,2025-07-06T22:43:13.701105
routellm_gpt4_tools,18,"Violet is planning a hike through the desert with her dog. Violet needs 800 ml of water per hour hiked and her dog needs 400 ml of water per hour. If Violet can carry 4.8 L of water, how many hours ca...",278,True,standard_llm,openai,gpt-4o,2025-07-06T22:43:14.329443
routellm_gpt4_tools,19,What are the principles of regulatory sequence organization in the genome?,74,True,standard_llm,openai,gpt-4o,2025-07-06T22:43:14.783794
routellm_gpt4_tools,20,"tell me the temperature in celsius, hydrometry rate in percentage, sunshine rate in hours, rainfall in mm, humidity rate in percentage, soil type, type of climate for Dark Willowherb seed in bullets 2...",223,True,standard_llm,openai,gpt-4o,2025-07-06T22:43:15.339474
routellm_gpt4_tools,21,"Please create a great reply for the following tweet:

""One of Twitter's most promising ways to add $10B+ in revenue over the next several years is to help companies hire + help people find new jobs. 
...",334,True,standard_llm,openai,gpt-4o,2025-07-06T22:43:16.004643
routellm_gpt4_tools,22,"Definition: In this task, you're given a short story of five sentences written in natural language. However, the order of the given story is not correct. Your job is to return the correct order for th...",726,True,standard_llm,openai,gpt-4o,2025-07-06T22:43:16.952913
routellm_gpt4_tools,23,What kind of protein is best for building muscle?,49,True,standard_llm,openai,gpt-4o,2025-07-06T22:43:17.412657
routellm_gpt4_tools,24,"Data format:
You must have [ HTML page ] data type and [ HTML page ] code type in the following Rewrite prompt
Rewrite prompt:
How can you create a web page that displays an image with a caption under...",825,True,standard_llm,deepseek,deepseek-chat,2025-07-06T22:43:18.605125
routellm_gpt4_tools,25,"I want you to act as a car diognostic. I will describe an issue with my car and you will provide advice on how to fix it. My first request is ""my car start up only after sometime in the morning, and w...",261,True,standard_llm,openai,gpt-4o,2025-07-06T22:43:19.220776
routellm_gpt4_tools,26,"how to add an embedding chatbot to a streamlit app
import streamlit as st
import streamlit as caching
import st.components as pyvis
import pandas as pd
import numpy as np

st. title(""Your business ins...",638,True,standard_llm,openai,gpt-4o,2025-07-06T22:43:20.466709
routellm_gpt4_tools,27,"In this task, you are given the name of an Indian food dish. You need to classify the dish as a ""main course"", ""dessert"" or ""snack"".
One example: Sev tameta
Solution is here: main course
Explanation: ...",274,True,standard_llm,openai,gpt-4o,2025-07-06T22:43:21.141690
routellm_gpt4_tools,28,We would like you to assess the QUALITY of each of the following argument (discussing Gun Control) and determine if the argument is Valid or Invalid. A valid argument is clearly interpretable and eith...,913,True,standard_llm,openai,gpt-4o,2025-07-06T22:43:22.437462
routellm_gpt4_tools,29,"""Generate Python code to convert Source to Target:
    Source:
      [‘18:25:57 PM’, ‘20:25:57 PM’, ‘10:57:12 AM’]  
    Target:
      [‘18 PM’, ‘20 PM’, ‘10 AM’]""",163,True,standard_llm,deepseek,deepseek-chat,2025-07-06T22:43:23.030489
routellm_gpt4_tools,30,"provide script to plot and the lines based on sampleLevel: m3 <- lmer(log(vd) ~ log(distanceCoreTop) + sampleLevel + (1|fullSpeciesName/treeTag), data = data_branch, #sensible model #160623 #4
       ...",228,True,standard_llm,deepseek,deepseek-chat,2025-07-06T22:43:23.659022
routellm_gpt4_tools,31,Can my elderly aunt use an exercise ball?,41,True,standard_llm,openai,gpt-4o,2025-07-06T22:43:24.110838
routellm_gpt4_tools,32,Write an article about the Safety of 5-BROMO-2-FLUORONICOTINIC ACID 1500-2000 words in chemical industry,104,True,standard_llm,openai,gpt-4o,2025-07-06T22:43:24.603065
routellm_gpt4_tools,33,"In this task, you are given a text from a post. Your task is to find all of the proper nouns and label them. The labels are <B-PER>, <I-PER> for persons; <B-ORG>, <I-ORG> for organizations; <B-LOC>, <...",850,True,standard_llm,openai,gpt-4o,2025-07-06T22:43:25.951440
routellm_gpt4_tools,34,Should I buy a printer or go to a local print shop?,51,True,standard_llm,openai,gpt-4o,2025-07-06T22:43:26.405429
routellm_gpt4_tools,35,"Write a redux observable epic in typescript that listens for an action with type START, then makes an API call `API.call` with the action payload as a parameter. The API call should be retried after 3...",403,True,standard_llm,deepseek,deepseek-chat,2025-07-06T22:43:27.143536
routellm_gpt4_tools,36,Does a steady injection of allergen through the skin help reduce allergic reactions?,84,True,standard_llm,openai,gpt-4o,2025-07-06T22:43:27.639084
routellm_gpt4_tools,37,How do I use epoxy?,19,True,standard_llm,openai,gpt-4o,2025-07-06T22:43:28.087198
routellm_gpt4_tools,38,How many planets are there in the solar system?,47,True,standard_llm,openai,gpt-4o,2025-07-06T22:43:28.527532
routellm_gpt4_tools,39,Detailed Instructions: In this task you will be given a string and you should find the longest substring that is a palindrome. A palindrome is a string that is the same backwards as it is forwards. If...,314,True,standard_llm,openai,gpt-4o,2025-07-06T22:43:29.183352
routellm_gpt4_tools,40,What's the recycling process for paper?,39,True,standard_llm,openai,gpt-4o,2025-07-06T22:43:29.635177
routellm_gpt4_tools,41,"What would be the ★-rating of this review (★ being the lowest and ★★★★★ being the highest)? ""Good apps to download""
A:",118,True,standard_llm,openai,gpt-4o,2025-07-06T22:43:30.122139
routellm_gpt4_tools,42,Can you suggest any remote hiking trails in the Rocky Mountains?,64,True,standard_llm,openai,gpt-4o,2025-07-06T22:43:30.562084
routellm_gpt4_tools,43,What is the acceptance rate for medical school in California?,61,True,standard_llm,openai,gpt-4o,2025-07-06T22:43:31.016384
routellm_gpt4_tools,44,Can you recommend any hidden-gem attractions in Barcelona that tourists may not know about?,91,True,standard_llm,openai,gpt-4o,2025-07-06T22:43:31.463882
routellm_gpt4_tools,45,Write a one-act play with a comedic tone about a group of coworkers from diverse backgrounds who are trapped in an office building during a snowstorm. Each character should have a distinct personality...,496,True,standard_llm,openai,gpt-4o,2025-07-06T22:43:32.164465
routellm_gpt4_tools,46,Do you know any quote from Stephen Hawking that is about fate?,62,True,standard_llm,openai,gpt-4o,2025-07-06T22:43:32.635473
routellm_gpt4_tools,47,Write me a python code that takes URL as a parameter and then fetches the entire content of the URL and returns everything as a string,134,True,standard_llm,deepseek,deepseek-chat,2025-07-06T22:43:33.126757
routellm_gpt4_tools,48,Hey - I am trying to come up with a name for a music production DJ group for me and my two friends. Do you have any ideas?,122,True,standard_llm,openai,gpt-4o,2025-07-06T22:43:33.673316
routellm_gpt4_tools,49,What are the long-term implications of sleep deprivation on both physical and mental health? Can you provide a comprehensive set of HTML data points that illustrate the different ways sleep deprivatio...,362,True,standard_llm,openai,gpt-4o,2025-07-06T22:43:34.294764
